Account ID,Total Share
0.0.704472,2
0.0.2135513,2
0.0.2290185,1
0.0.1280779,6
0.0.2007347,1
0.0.2121560,4
0.0.1757800,6
0.0.657657,2
0.0.3034619,1
0.0.1067445,2
0.0.1843650,2
0.0.456604,1
0.0.1312367,3
0.0.2198536,1
0.0.1498096,1
0.0.3033641,1
0.0.2580189,1
0.0.355724,1
0.0.1431636,1
0.0.2104123,1
0.0.585529,1
